"Gene","log2FC","p_value"
"Gene1",2.03759783293452,0.759868181310594
"Gene2",-0.610556639755468,0.338744965847582
"Gene3",-0.566666484421307,0.510240350849926
"Gene4",-0.259823143368207,0.372701946413144
"Gene5",-2.68114601378329,0.300274646142498
"Gene6",-0.377062665337104,0.5217569116503
"Gene7",-0.447476450956583,0.949777519330382
"Gene8",-0.316781506349877,0.584202393190935
"Gene9",1.49770922010897,0.934393035247922
"Gene10",-0.398123138645105,0.200770617229864
"Gene11",0.757407421418875,0.428732814732939
"Gene12",-0.126765589411085,0.294100731378421
"Gene13",-1.72294925122302,0.79971238411963
"Gene14",-1.66147811971359,0.834333383012563
"Gene15",-2.39187595294788,0.515833581332117
"Gene16",0.260472411647012,0.541552118724212
"Gene17",1.11698698027883,0.596124220639467
"Gene18",-0.41266299259472,0.800777015741915
"Gene19",-0.660760177974691,0.768983900779858
"Gene20",-0.767568891195074,0.624753058422357
"Gene21",0.341758501357776,0.964545467402786
"Gene22",-1.4712824194166,0.792456644587219
"Gene23",2.63805130938999,0.825127156451344
"Gene24",-1.22071153566772,0.485342130064964
"Gene25",2.48390772589482,0.168852652190253
"Gene26",0.652014504924358,0.00983950053341687
"Gene27",2.31962237889845,0.150754754664376
"Gene28",-0.175996212553014,0.36767696775496
"Gene29",0.240626447751103,0.698305179364979
"Gene30",0.560538723773476,0.888022491009906
"Gene31",-1.22091856460702,0.819166095694527
"Gene32",-0.16638457370627,0.0686106234788895
"Gene33",-2.35978924925439,0.0282767235767096
"Gene34",-0.448636212066908,0.296431532129645
"Gene35",-1.09814639131604,0.776421059388667
"Gene36",0.351775395712509,0.987930396804586
"Gene37",-1.38324237388861,0.850011479342356
"Gene38",0.422870452295839,0.600058462703601
"Gene39",1.15211002463532,0.962221110006794
"Gene40",0.637860055385291,0.158662963891402
"Gene41",1.43315369201281,0.307624068809673
"Gene42",-2.33797938353382,0.720133337425068
"Gene43",0.0932660632090823,0.958633983973414
"Gene44",0.0564916208500874,0.427289834013209
"Gene45",0.168819610358269,0.784193666651845
"Gene46",-0.788781522028336,0.401623841142282
"Gene47",1.44756705652269,0.641561479773372
"Gene48",0.81575416081469,0.122956469887868
"Gene49",-1.11416837030222,0.742318884469569
"Gene50",0.552205113645557,0.937509259441867
"Gene51",0.0962279097355798,0.788055366836488
"Gene52",-0.539976909762239,0.782149521633983
"Gene53",0.163823291469466,0.810529123293236
"Gene54",1.14156985202188,0.70559425605461
"Gene55",0.928474546097423,0.882675917586312
"Gene56",0.0517915345288167,0.885635495185852
"Gene57",-0.659017149648443,0.401659845840186
"Gene58",-1.26299866962057,0.456738660112023
"Gene59",-0.37063617888747,0.506790801649913
"Gene60",1.03795596535161,0.492413729429245
"Gene61",-0.286122008716926,0.857869932195172
"Gene62",-1.93925369947562,0.863562664715573
"Gene63",1.66654676666022,0.116147185210139
"Gene64",-1.37766150414711,0.605597532354295
"Gene65",-0.217333956498889,0.194150763563812
"Gene66",-0.186215627324141,0.934248127043247
"Gene67",-1.1398924418749,0.655274485703558
"Gene68",-0.452333691037636,0.264314799336717
"Gene69",0.782603792025657,0.507231174968183
"Gene70",0.380077991791275,0.909718668553978
"Gene71",-1.65209342345152,0.255571646615863
"Gene72",-0.874210604602304,0.865668348968029
"Gene73",-1.66547945077826,0.989871915429831
"Gene74",-2.29264783709526,0.205192548688501
"Gene75",0.580169368081619,0.922040232690051
"Gene76",-0.0446802337939541,0.480775829171762
"Gene77",-1.81040745523655,0.806772346608341
"Gene78",-0.282759302668294,0.438502763397992
"Gene79",0.630283891775216,0.668454463826492
"Gene80",-0.101217481204102,0.773477771086618
"Gene81",0.841060864205789,0.688630271004513
"Gene82",-0.401227298311957,0.380721843568608
"Gene83",0.58903639839333,0.736930635757744
"Gene84",-1.65403790839542,0.421004306524992
"Gene85",-0.485568364537987,0.848020640201867
"Gene86",0.322513178307158,0.378825456602499
"Gene87",-0.285420793242826,0.871606589527801
"Gene88",-2.06823326298036,0.909101074328646
"Gene89",-0.963053994489527,0.537893381901085
"Gene90",0.973625394465957,0.861628739861771
"Gene91",1.61290330019782,0.449337032157928
"Gene92",0.628222869704756,0.834184726467356
"Gene93",-0.426013320226817,0.602663773810491
"Gene94",2.73257536486163,0.427381672197953
"Gene95",1.72880268773859,0.511113850632682
"Gene96",-0.139090212243385,0.959340780042112
"Gene97",-0.0241253526212406,0.820022001862526
"Gene98",0.0860769355675961,0.426045009633526
"Gene99",-0.440023096118073,0.493567684432492
"Gene100",0.0786522384837754,0.948749443050474
"Gene101",-1.14064071018197,0.746815358288586
"Gene102",-2.55132770119235,0.299652847461402
"Gene103",-1.86189295838888,0.00123181845992804
"Gene104",2.53496769093908,0.323967088013887
"Gene105",-1.72509526351955,0.329792995704338
"Gene106",-0.727227371730181,0.769413217203692
"Gene107",1.34852263797234,0.795310127548873
"Gene108",0.993820120575667,0.338789571076632
"Gene109",1.95603477550056,0.214351697592065
"Gene110",-1.13674676323595,0.077180506195873
"Gene111",-0.0856729127129512,0.327691379934549
"Gene112",1.39870857816214,0.413770342012867
"Gene113",-1.03491686501497,0.989193557063118
"Gene114",0.666028521680435,0.540208883583546
"Gene115",0.908679865248777,0.984687176067382
"Gene116",-0.0698255314868036,0.588053390616551
"Gene117",-0.148219792948698,0.949192312546074
"Gene118",0.356935856898778,0.914672337472439
"Gene119",-1.44880987671769,0.873788628261536
"Gene120",0.437718716270497,0.559900576015934
"Gene121",1.27055246806745,0.0797667880542576
"Gene122",-1.93891689204737,0.0572118768468499
"Gene123",-2.50797946588136,0.827342579839751
"Gene124",-1.95819646283836,0.431906535057351
"Gene125",0.366160694657197,0.417463252553716
"Gene126",0.444645033919856,0.719621882308275
"Gene127",-0.789222663875733,0.0780093586072326
"Gene128",-0.0109923864615124,0.516565225785598
"Gene129",-0.0173953576686339,0.948313986882567
"Gene130",-1.29204690818671,0.367928906809539
"Gene131",-0.3103054905893,0.140861077234149
"Gene132",-1.7351172540167,0.591080013662577
"Gene133",1.11389178657251,0.848245680565014
"Gene134",-0.482614287208963,0.95510644861497
"Gene135",0.321451452605059,0.254823283525184
"Gene136",0.0804742422024067,0.212355165043846
"Gene137",0.563504007656549,0.749438566388562
"Gene138",0.53535630736607,0.712121062446386
"Gene139",-2.05470582643213,0.827062958851457
"Gene140",-0.467905118126986,0.111745403381065
"Gene141",1.55575046715665,0.0307869319804013
"Gene142",0.95359908174791,0.812527402071282
"Gene143",0.30116860300648,0.896856150124222
"Gene144",0.229072153403184,0.194529700558633
"Gene145",-1.98181958948517,0.888550568837672
"Gene146",0.0116729391547521,0.453294843202457
"Gene147",-0.94337099655614,0.662131429649889
"Gene148",0.0274386512016901,0.539606456412002
"Gene149",0.150548801004256,0.44712993176654
"Gene150",0.562145664460942,0.605322296265513
"Gene151",0.959412983154303,0.633682241896167
"Gene152",-0.932831281898156,0.578672484960407
"Gene153",-0.0980691043586034,0.77045251429081
"Gene154",2.48263819236308,0.187122677918524
"Gene155",0.0727891100693109,0.563171699875966
"Gene156",1.06292887869151,0.429504611762241
"Gene157",-1.05191484808421,0.238433037186041
"Gene158",0.0171194529802373,0.5862467053812
"Gene159",0.0421162288612162,0.463761308928952
"Gene160",1.85536933358188,0.829336501425132
"Gene161",1.70902540783093,0.0578140702564269
"Gene162",-1.33663620058225,0.932851782534271
"Gene163",-1.66653749940569,0.221578316995874
"Gene164",2.11513707418742,0.181065208511427
"Gene165",-0.323670397686754,0.141641592839733
"Gene166",-2.14099487851874,0.863019610987976
"Gene167",0.0380714263220914,0.649883527308702
"Gene168",1.57399211241809,0.896154417656362
"Gene169",-0.155240019709848,0.647547439672053
"Gene170",1.18946065244963,0.421598033048213
"Gene171",-0.340892618963869,0.105467273155227
"Gene172",2.86168477544561,0.258314087055624
"Gene173",0.603845576628969,0.657681782497093
"Gene174",-0.70689781574773,0.20002355822362
"Gene175",1.35047233710628,0.52832335466519
"Gene176",0.621097305558838,0.417301472276449
"Gene177",0.44741596338551,0.601330396020785
"Gene178",0.396956925175161,0.242800265550613
"Gene179",0.0908808845133914,0.855262384749949
"Gene180",1.01037507448302,0.133412851952016
"Gene181",-1.1871500042515,0.342775478726253
"Gene182",-0.85212767040413,0.0511648505926132
"Gene183",1.96891669217009,0.235798687906936
"Gene184",-0.0470733186098798,0.457242914708331
"Gene185",1.69245534241928,0.450641077477485
"Gene186",-0.0311517763060093,0.77557123801671
"Gene187",-0.0643760728164303,0.879870793316513
"Gene188",0.796394987845715,0.611471387790516
"Gene189",-0.00372643551337842,0.0353941880166531
"Gene190",1.86697056509495,0.141634103609249
"Gene191",0.575371924949592,0.0108059418853372
"Gene192",-1.19186663523201,0.671112529234961
"Gene193",-0.410883097328062,0.619655795162544
"Gene194",-1.55064325508997,0.509074481436983
"Gene195",-1.16661453421602,0.0266993811819702
"Gene196",0.295851063344352,0.55134703963995
"Gene197",0.925020946741131,0.737680385354906
"Gene198",-0.54232886675423,0.717523104511201
"Gene199",0.145256477345369,0.756982395192608
"Gene200",2.04661426468358,0.921992379007861
"Gene201",-0.515189807918364,0.463749056914821
"Gene202",-1.88956468499287,0.697892485419288
"Gene203",3.01312985103209,0.192242057528347
"Gene204",-1.1493198047552,0.840046563418582
"Gene205",-1.09787451634541,0.888900806661695
"Gene206",1.05815485982297,0.262479345779866
"Gene207",2.21105987699393,0.551125358557329
"Gene208",-0.194923193034961,0.350615566130728
"Gene209",-0.25303168602834,0.244065931066871
"Gene210",1.26530224922924,0.942987856920809
"Gene211",0.883505818367507,0.761828643968329
"Gene212",-0.00208815913831691,0.894896208541468
"Gene213",2.96813056597372,0.499461299739778
"Gene214",2.8521712301299,0.540459011215717
"Gene215",0.286170672880798,0.310774557059631
"Gene216",0.488803656980358,0.841590921627358
"Gene217",1.48303520691281,0.360795688815415
"Gene218",-1.54146443046389,0.258416562341154
"Gene219",0.656584865325794,0.98194096586667
"Gene220",-0.134090065717623,0.417992241447791
"Gene221",-0.944094476479158,0.491300190333277
"Gene222",0.676282138878358,0.993613362312317
"Gene223",-0.72544271039022,0.844404917676002
"Gene224",-2.39933484867886,0.662097579799592
"Gene225",1.70641627695433,0.852298596641049
"Gene226",-0.561665952024915,0.276009459747002
"Gene227",-1.48909137179759,0.834098413586617
"Gene228",-0.583578903937287,0.644399296026677
"Gene229",0.0591098490656641,0.485060455277562
"Gene230",0.818927300035257,0.512091376353055
"Gene231",1.35530325628777,0.680620091268793
"Gene232",-0.750322212568321,0.878470556577668
"Gene233",-1.65220747251851,0.796296567190439
"Gene234",0.759430352594116,0.277788530569524
"Gene235",0.85199405378327,0.647709757555276
"Gene236",0.853201937228234,0.298547837650403
"Gene237",-2.86506990017369,0.736382262548432
"Gene238",-1.30468848829007,0.561658911406994
"Gene239",-0.874485861751383,0.0753651841077954
"Gene240",-1.07344355115763,0.801846609683707
"Gene241",1.07906437742879,0.668902622768655
"Gene242",-0.461702295076983,0.382267779670656
"Gene243",-0.83197242116593,0.9632387093734
"Gene244",-1.08728653695825,0.562894413014874
"Gene245",-1.06580713750506,0.667980562197044
"Gene246",2.53647244116291,0.360198714770377
"Gene247",0.814026757782335,0.461321820737794
"Gene248",1.28423326770799,0.998748359968886
"Gene249",1.05413470169822,0.129008671967313
"Gene250",-0.829054810421264,0.899685594951734
"Gene251",-2.9589599808678,0.373596250545233
"Gene252",-2.59633738241941,0.607024642406031
"Gene253",-0.312167469872916,0.991017539519817
"Gene254",-0.667184217127781,0.840304933255538
"Gene255",-1.03316308321365,0.72060645930469
"Gene256",-0.433311638714962,0.882281808182597
"Gene257",-1.66743352888921,0.133658107835799
"Gene258",-0.357468585158728,0.478122350526974
"Gene259",-1.0935206896891,0.808731361525133
"Gene260",0.422152137215103,0.50085318274796
"Gene261",-0.908579473973231,0.954018554184586
"Gene262",0.115250049139284,0.72728101327084
"Gene263",-0.76953304625316,0.308401740621775
"Gene264",3.31537016979127,0.406085773836821
"Gene265",-1.19703527318469,0.143229841021821
"Gene266",0.273638024725261,0.350992517080158
"Gene267",-2.01924293526839,0.243953685741872
"Gene268",0.759977354429113,0.0727639738470316
"Gene269",0.20199602837255,0.4224430215545
"Gene270",-0.020639040884115,0.175249018007889
"Gene271",0.292889896277633,0.872494537383318
"Gene272",-0.580298046972652,0.386182062793523
"Gene273",-0.864980074673152,0.346197566250339
"Gene274",0.246179252092815,0.140779678709805
"Gene275",0.308837612173005,0.0521388622000813
"Gene276",0.991293805832966,0.0943429425824434
"Gene277",0.155328478698398,0.438932863296941
"Gene278",-0.121927775860465,0.937615387840196
"Gene279",-0.19810691430389,0.190160324797034
"Gene280",0.937074530591292,0.549822754226625
"Gene281",-0.264701969482404,0.814175992039964
"Gene282",-0.928993140495621,0.171209563501179
"Gene283",-0.786526547069038,0.476776053197682
"Gene284",-0.116414990903666,0.436377004021779
"Gene285",-2.20959529257379,0.758049567230046
"Gene286",2.00533248713978,0.82201509620063
"Gene287",-2.49078971194103,0.651768079260364
"Gene288",0.853208249558064,0.103682150132954
"Gene289",-0.547789299863569,0.963952382560819
"Gene290",-1.03960072813655,0.0803594200406224
"Gene291",-2.36524443646256,0.712345163337886
"Gene292",-0.461692881988208,0.213806617772207
"Gene293",-1.53761862272694,0.130664338357747
"Gene294",1.60161862642685,0.0306281014345586
"Gene295",1.07369292921474,0.347058449871838
"Gene296",0.554377590402567,0.809288821183145
"Gene297",-0.333318978631155,0.228513837093487
"Gene298",-0.548594576145455,0.233629688853398
"Gene299",-0.0226276176304033,0.550400777021423
"Gene300",-1.13238200454022,0.112612484022975
"Gene301",-0.703643866126073,0.872901901835576
"Gene302",0.834526937118657,0.0328865165356547
"Gene303",1.08753865224237,0.771140147000551
"Gene304",0.306445125010607,0.216219627996907
"Gene305",-2.28862188645764,0.177588959923014
"Gene306",1.25801583239785,0.504506966331974
"Gene307",0.929887731853369,0.840898372000083
"Gene308",-0.232690712449535,0.80537765356712
"Gene309",-0.606529175388576,0.724373497534543
"Gene310",-0.521121371569541,0.704420501831919
"Gene311",0.0870009593421851,0.599768795073032
"Gene312",0.912066480760949,0.681755226803944
"Gene313",-0.0316649949991053,0.346150800818577
"Gene314",-0.654837504343472,0.970766874030232
"Gene315",-0.912283984874178,0.852524685440585
"Gene316",-1.58662757012997,0.201344353845343
"Gene317",-2.74083862476982,0.994204871589318
"Gene318",-1.73234667424482,0.200057186186314
"Gene319",1.07816213819797,0.354530801996589
"Gene320",-0.662053727134027,0.0711949630640447
"Gene321",1.02294567395085,0.503367695491761
"Gene322",2.015710366657,0.726509960833937
"Gene323",-1.98990023445372,0.349221314536408
"Gene324",-0.954042834068932,0.215573287103325
"Gene325",-0.682800818396634,0.213873893721029
"Gene326",0.906584959988143,0.238784447545186
"Gene327",0.081003553283751,0.286597294732928
"Gene328",-0.968965469849702,0.783741808729246
"Gene329",-0.0364666206902805,0.783836347050965
"Gene330",-0.0531237305122575,0.153654205380008
"Gene331",1.71068850316366,0.464157450012863
"Gene332",-0.261478853391998,0.0474990727379918
"Gene333",0.628732333607235,0.556312610628083
"Gene334",-0.0331976313828366,0.887337309075519
"Gene335",1.09693291192675,0.127748312894255
"Gene336",0.625851468236343,0.0353380343876779
"Gene337",-0.988504726596441,0.81984927249141
"Gene338",-0.582771252861204,0.665937094716355
"Gene339",-1.28170283644351,0.611701128073037
"Gene340",-0.989704898322647,0.414625448640436
"Gene341",-1.11591025606035,0.399286445230246
"Gene342",0.0412182482033062,0.459355697734281
"Gene343",0.557800710690759,0.0412841918878257
"Gene344",-0.373977436920582,0.926772309467196
"Gene345",1.66138770524917,0.785532881505787
"Gene346",0.413936786225703,0.865210904739797
"Gene347",0.992652769868067,0.227064181817695
"Gene348",-0.528887589306815,0.776014917297289
"Gene349",-0.191126830481432,0.862860559485853
"Gene350",0.253062417291751,0.582844389835373
"Gene351",-0.311296471733542,0.215819924836978
"Gene352",-1.63664835083484,0.926103173755109
"Gene353",1.84060837445542,0.199454925023019
"Gene354",2.10252487646546,0.116320338100195
"Gene355",-0.434842597758452,0.453070562565699
"Gene356",0.180382802206847,0.414567251456901
"Gene357",-0.0149286180506043,0.993742347229272
"Gene358",1.55848151318983,0.908600804163143
"Gene359",-1.88565654419589,0.314129362115636
"Gene360",-0.133415415648358,0.390302467858419
"Gene361",-1.40483566368429,0.464497536420822
"Gene362",0.41756438318007,0.770309870596975
"Gene363",1.93318587681296,0.42602789378725
"Gene364",0.027125512595827,0.21342285303399
"Gene365",-0.601728188434898,0.99417347391136
"Gene366",-0.138425200573868,0.12943934998475
"Gene367",0.953088337418098,0.144884540466592
"Gene368",-0.868376218770356,0.686698580626398
"Gene369",-1.54800515117253,0.404122321633622
"Gene370",-1.45829511786941,0.316557364072651
"Gene371",0.0108116664074974,0.911905142478645
"Gene372",-0.761055260965764,0.614041721215472
"Gene373",-1.13806055968585,0.874929683981463
"Gene374",-1.07549567165791,0.511700285132974
"Gene375",-2.03434003074653,0.983726548496634
"Gene376",-0.812287517184872,0.0154787593055516
"Gene377",-0.37784365184872,0.504636516794562
"Gene378",2.30845999107933,0.62908957968466
"Gene379",0.917850981395797,0.636123314732686
"Gene380",-1.17603855987966,0.630196725949645
"Gene381",2.28645791473477,0.46515775937587
"Gene382",0.537238927432068,0.313407405279577
"Gene383",-0.166115296670145,0.300115979276597
"Gene384",1.40272250566181,0.269261533161625
"Gene385",-0.514147961023197,0.198388406774029
"Gene386",-0.378505820835062,0.0730373479891568
"Gene387",0.042137893889109,0.412622834555805
"Gene388",0.920633994848122,0.110046617221087
"Gene389",0.315873587445906,0.120073695201427
"Gene390",2.01159629404834,0.541133699938655
"Gene391",2.38195791421458,0.443833629367873
"Gene392",0.679943104057526,0.331771554425359
"Gene393",0.760297025677645,0.12533153872937
"Gene394",0.141386792563908,0.810204983688891
"Gene395",2.59247477701865,0.671078897314146
"Gene396",-1.8132091244535,0.353352016303688
"Gene397",0.373293704878915,0.843123361235484
"Gene398",0.444786904149289,0.524855290306732
"Gene399",0.666267842336004,0.800587235251442
"Gene400",0.947617088710296,0.638486365322024
"Gene401",-1.18166711447301,0.206886606058106
"Gene402",0.595278134730736,0.677873946493492
"Gene403",0.125342346830036,0.965514219598845
"Gene404",-0.236366658524285,0.976586498552933
"Gene405",-1.28712939612963,0.155295877251774
"Gene406",-0.0131884590470933,0.964994065230712
"Gene407",-0.602169180267869,0.93030925327912
"Gene408",1.93686665875567,0.985424228012562
"Gene409",-0.463640665609534,0.903323125327006
"Gene410",1.77900747063888,0.732310143299401
"Gene411",-0.363327292982596,0.732090921374038
"Gene412",0.72729211793399,0.3236001834739
"Gene413",0.632858600540587,0.737257468514144
"Gene414",-0.117819000411945,0.810905974823982
"Gene415",-1.24375495190576,0.338900502771139
"Gene416",0.684181409626446,0.539985867217183
"Gene417",-1.37256957806507,0.488252411829308
"Gene418",2.08325255056843,0.731212025508285
"Gene419",-1.01268599641675,0.611330366693437
"Gene420",1.04983871294404,0.476333661004901
"Gene421",-1.61225049371041,0.551059514982626
"Gene422",1.40222455826467,0.897367344237864
"Gene423",0.0883390154219832,0.534398913849145
"Gene424",-1.12870687423069,0.352977753616869
"Gene425",-2.37340187840164,0.0343358931131661
"Gene426",0.421174199472367,0.426281213294715
"Gene427",-1.31625424001946,0.150590704055503
"Gene428",-0.330279099119823,0.387205001665279
"Gene429",0.979358987765146,0.19729429972358
"Gene430",-1.11130604125473,0.680421573109925
"Gene431",-0.960012917944318,0.0139466372784227
"Gene432",-1.66106122322402,0.428069604793563
"Gene433",-1.5928692843791,0.872415350051597
"Gene434",-0.939378516205488,0.867831365671009
"Gene435",-0.71897108493771,0.881119357887655
"Gene436",2.65204266505316,0.69495291612111
"Gene437",-2.72150431736372,0.75068765389733
"Gene438",0.720025564864755,0.169779352610931
"Gene439",-2.22140801604837,0.942145243752748
"Gene440",1.40850197759395,0.166032169479877
"Gene441",1.09653343737119,0.64979613898322
"Gene442",-0.225821073868797,0.60954515542835
"Gene443",1.03980795158614,0.768786110216752
"Gene444",-1.21909283558178,0.134835732635111
"Gene445",-0.856780386234494,0.943574734730646
"Gene446",0.599577673988406,0.615094827022403
"Gene447",-0.00794072816959151,0.927936136256903
"Gene448",0.711798956572021,0.437311308924109
"Gene449",-0.738516016678218,0.274595313239843
"Gene450",-0.0882350798217135,0.162115693790838
"Gene451",-0.0428186883818694,0.0775265058036894
"Gene452",-0.175075946244884,0.764741200022399
"Gene453",0.927701458026359,0.83489401335828
"Gene454",1.11656172796665,0.352658069226891
"Gene455",-0.5738479611787,0.391387037932873
"Gene456",0.151992412657918,0.171621063258499
"Gene457",0.942650566978678,0.788573650643229
"Gene458",1.4984652437446,0.959856076631695
"Gene459",1.29209547083281,0.164692061021924
"Gene460",1.30991297593275,0.67722412198782
"Gene461",-2.19560139044188,0.965348682366312
"Gene462",0.928671624231929,0.73267858941108
"Gene463",0.416805059781726,0.691491438774392
"Gene464",0.411066752936281,0.344049138016999
"Gene465",0.357266051655121,0.83004864375107
"Gene466",-2.45796401523486,0.305302049731836
"Gene467",1.55071774177989,0.377586932154372
"Gene468",1.81630300176767,0.432179348776117
"Gene469",-0.599983965404208,0.267885346431285
"Gene470",0.132335537158728,0.920373764354736
"Gene471",-1.18860876613643,0.553918919060379
"Gene472",-1.11367322006524,0.496750514255837
"Gene473",0.800137326651232,0.419177536386997
"Gene474",-1.94919403134946,0.274014323251322
"Gene475",0.890682234858272,0.482011293526739
"Gene476",0.938314189194249,0.765280267922208
"Gene477",-0.692868068119434,0.411435307469219
"Gene478",3.43275505932757,0.430591624462977
"Gene479",0.703164546565462,0.67297074617818
"Gene480",0.0152528259678097,0.384582522558048
"Gene481",-1.1208903647759,0.591636122437194
"Gene482",0.0281849825435922,0.466154744615778
"Gene483",-0.66157013978751,0.499505330109969
"Gene484",-0.0932690662920791,0.0566400005482137
"Gene485",-0.216587427258311,0.291304471436888
"Gene486",-2.53124427293991,0.760391880525276
"Gene487",-1.11578882199195,0.162396777421236
"Gene488",-1.3659890499543,0.831950250081718
"Gene489",-1.12040754288877,0.00802433444187045
"Gene490",-2.15259139703923,0.700368314515799
"Gene491",-0.96439576642827,0.902629546588287
"Gene492",-0.883033819003898,0.0562968417070806
"Gene493",0.928484850279976,0.8800587519072
"Gene494",0.26447160046326,0.815050569362938
"Gene495",-0.662345701956946,0.414569558110088
"Gene496",0.599041251523163,0.5815691978205
"Gene497",-0.0772444871646022,0.618927070638165
"Gene498",-0.186418619668474,0.693127049366012
"Gene499",0.758938207958584,0.696680075954646
"Gene500",-1.18616327363212,0.438433974049985
"Gene501",-0.338721004075562,0.610322723630816
"Gene502",-0.187764384455333,0.203627433860675
"Gene503",-1.23381287825644,0.444304576842114
"Gene504",-0.038659009308132,0.195893476717174
"Gene505",-0.239573941276395,0.773040783125907
"Gene506",-0.369337374051813,0.0988258887082338
"Gene507",1.2845465346526,0.30188380763866
"Gene508",-1.49749151872595,0.200026138219982
"Gene509",1.03732857629809,0.144771844381467
"Gene510",0.294044455105948,0.0211025683674961
"Gene511",-2.52408642834052,0.454875401221216
"Gene512",2.05278678727336,0.636561403051019
"Gene513",1.22754236716913,0.926819758955389
"Gene514",0.598344867956053,0.439718098146841
"Gene515",0.424893226233432,0.790283191017807
"Gene516",0.708191852372569,0.307450972264633
"Gene517",0.435195685765023,0.869874118361622
"Gene518",0.561435534036675,0.998591083334759
"Gene519",0.298849055047557,0.262751470087096
"Gene520",2.17992484294179,0.970099287107587
"Gene521",-0.238519523716187,0.931300121592358
"Gene522",-1.04866021402348,0.44667482865043
"Gene523",2.23777613532729,0.951669037807733
"Gene524",-2.05460993968882,0.272766004549339
"Gene525",-0.6321447502856,0.81434134603478
"Gene526",0.543220486066377,0.988487023860216
"Gene527",1.60233730706933,0.895935455104336
"Gene528",-0.458601257130373,0.432006870163605
"Gene529",-0.327706869443698,0.420561299892142
"Gene530",2.29592095594853,0.515446479432285
"Gene531",0.0342051345356774,0.951821284601465
"Gene532",-0.584737863573177,0.635043159127235
"Gene533",-1.31050523711223,0.874467713059857
"Gene534",-0.36900191414472,0.498844297137111
"Gene535",0.462045803669292,0.752866897732019
"Gene536",-0.374809232127419,0.143458705162629
"Gene537",-2.0125453107882,0.168248795205727
"Gene538",0.0330433885402678,0.788079075748101
"Gene539",-0.935292602191694,0.55895573599264
"Gene540",-0.261325718986056,0.923786875791848
"Gene541",-0.272780260588846,0.64270416717045
"Gene542",1.4241343805,0.843353817006573
"Gene543",0.0377468960817001,0.915706337429583
"Gene544",-1.90422965392095,0.713396713836119
"Gene545",-0.0682792240754886,0.141637132968754
"Gene546",-0.482295112631328,0.0495081120170653
"Gene547",-0.291014363383443,0.922839881852269
"Gene548",-0.97040315177423,0.257333203684539
"Gene549",-0.441220452449119,0.238573563285172
"Gene550",-1.45854291473529,0.487550107296556
"Gene551",-1.22049444307752,0.0589185385033488
"Gene552",-1.03494901016926,0.819985603448004
"Gene553",0.944568794200517,0.917610651347786
"Gene554",0.0478062130760323,0.911086853593588
"Gene555",-1.93936561944316,0.296087842201814
"Gene556",0.325465967871539,0.65605706977658
"Gene557",1.14498635082432,0.689597535412759
"Gene558",-0.453317009433471,0.488983772927895
"Gene559",-0.416825723875812,0.780148953665048
"Gene560",0.607030550768044,0.789078834699467
"Gene561",-2.63887438317761,0.514653129735962
"Gene562",-1.30517814964627,0.640005993889645
"Gene563",-0.526347319881711,0.599008980905637
"Gene564",1.12231169107503,0.142606135923415
"Gene565",-2.17798049947238,0.0738067443016917
"Gene566",0.702853695624839,0.891967059811577
"Gene567",-0.170454530069046,0.819339249981567
"Gene568",1.50903033331837,0.136143398005515
"Gene569",1.12484449475174,0.303885155590251
"Gene570",-1.63651549108058,0.273633008124307
"Gene571",0.699393737728538,0.582071668235585
"Gene572",-1.29932412595351,0.643846284830943
"Gene573",0.175057317275857,0.523201242554933
"Gene574",1.21288979593964,0.267443005926907
"Gene575",2.94208821072243,0.0372552133630961
"Gene576",-1.71726398459057,0.228174031944945
"Gene577",-0.276030642145312,0.0245666736736894
"Gene578",-0.778015307970652,0.92699315212667
"Gene579",0.409347559144686,0.175720206694677
"Gene580",-2.56204540628433,0.102584857260808
"Gene581",0.0165111387171805,0.290054061682895
"Gene582",1.33384507459528,0.00837065163068473
"Gene583",0.257620035892405,0.609442058485001
"Gene584",-0.474696114136198,0.965177396778017
"Gene585",-0.648293038598734,0.58107972680591
"Gene586",-0.376445150929473,0.645262385252863
"Gene587",-0.944811938248638,0.0944340731948614
"Gene588",-1.50769139251044,0.822228787932545
"Gene589",1.18680301100019,0.208001076476648
"Gene590",0.514846113589248,0.690583331976086
"Gene591",-1.19385399267869,0.464218619279563
"Gene592",0.435883893333612,0.850217127706856
"Gene593",0.657932327929876,0.930231646401808
"Gene594",0.716011077744469,0.2512242263183
"Gene595",1.38017499795338,0.757884729420766
"Gene596",0.674951251088135,0.192204373655841
"Gene597",-0.978231504319417,0.463414595229551
"Gene598",-0.954589300391302,0.342472351854667
"Gene599",0.568573663118421,0.954180564032868
"Gene600",0.698320386085196,0.871100935386494
"Gene601",-0.0887309909197807,0.113258741796017
"Gene602",-0.107542133357835,0.679262697231025
"Gene603",0.154790606006792,0.747890371596441
"Gene604",0.277156377047992,0.568558585364372
"Gene605",1.03562708927798,0.35385545133613
"Gene606",-0.484873374444579,0.227088718442246
"Gene607",-0.586933859732449,0.286134162452072
"Gene608",0.626155422752344,0.934043911518529
"Gene609",1.08331351052995,0.767746215686202
"Gene610",0.575841173691221,0.941622238373384
"Gene611",1.80935708417999,0.087894722353667
"Gene612",-1.5294839660372,0.720284648938105
"Gene613",-1.72198955428177,0.313564753625542
"Gene614",0.568131284791755,0.238196485443041
"Gene615",-0.774677094379207,0.0558573724702001
"Gene616",0.676771892222276,0.360279227606952
"Gene617",1.08277197271419,0.125513165723532
"Gene618",0.916468030224931,0.0737867676652968
"Gene619",0.44565665489824,0.580315437400714
"Gene620",0.826820531174292,0.0488779211882502
"Gene621",-0.580788961661926,0.105769697576761
"Gene622",0.209763283072977,0.221131830709055
"Gene623",1.32559246925764,0.566384067060426
"Gene624",1.93102959077058,0.199748924933374
"Gene625",0.889648515228827,0.329207178438082
"Gene626",-0.840185599953309,0.0211606188677251
"Gene627",0.650424299392292,0.3921756176278
"Gene628",-0.971436402333074,0.374104296090081
"Gene629",-0.713374111676258,0.43709562974982
"Gene630",-2.28506418154575,0.7152452878654
"Gene631",2.1015906133689,0.207544477190822
"Gene632",0.405518266144917,0.00916274590417743
"Gene633",-0.915650935673043,0.818159931572154
"Gene634",0.129662457967569,0.878964391537011
"Gene635",0.0923075174508245,0.950234858086333
"Gene636",1.53320687369731,0.357146358350292
"Gene637",0.242437215246184,0.786512687569484
"Gene638",-0.446534633799812,0.704569890163839
"Gene639",0.460464630238251,0.852812586119398
"Gene640",-1.68113117806146,0.145235259784386
"Gene641",1.35446041825962,0.274936641333625
"Gene642",-0.915133110915191,0.123030442046002
"Gene643",-0.155327010180381,0.671031564474106
"Gene644",1.11730638927649,0.469128255499527
"Gene645",-1.35361411853482,0.243110637878999
"Gene646",0.063874770553697,0.290543246548623
"Gene647",1.06525850203031,0.236487032845616
"Gene648",-0.336426563411189,0.455440070480108
"Gene649",0.138674057064163,0.689163632225245
"Gene650",1.60312787861827,0.63510558125563
"Gene651",1.11144898599362,0.481640961021185
"Gene652",-0.291710121247707,0.44208961352706
"Gene653",-0.568239553948716,0.352352353511378
"Gene654",-0.415064402038454,0.285603214986622
"Gene655",0.120235613339677,0.592995663406327
"Gene656",-1.1944500501451,0.590118873631582
"Gene657",0.234386096549078,0.384569060988724
"Gene658",-0.791080135938774,0.0411999821662903
"Gene659",0.445905002786477,0.611440655775368
"Gene660",-0.131104259918937,0.149850930087268
"Gene661",0.762840934200821,0.984928967198357
"Gene662",-1.62112785161026,0.374130943324417
"Gene663",-0.303779112809451,0.700565723702312
"Gene664",2.02940695101385,0.537642918527126
"Gene665",-1.20814516812898,0.796875224914402
"Gene666",-0.366140330363721,0.660632794722915
"Gene667",-1.35404252582379,0.216776200337335
"Gene668",-0.34901363557177,0.432139219017699
"Gene669",-0.311977467933052,0.623453377746046
"Gene670",0.669740766183088,0.105005632620305
"Gene671",0.158225676564338,0.563650981290266
"Gene672",-0.554851438237291,0.376049308804795
"Gene673",-1.202458784707,0.737627031980082
"Gene674",-0.288950254179308,0.200158427236602
"Gene675",0.0280891116791775,0.207451450405642
"Gene676",-0.680405641687559,0.586805017432198
"Gene677",0.224743313417542,0.813239793526009
"Gene678",0.627930027834462,0.397941444767639
"Gene679",-1.0809640580958,0.675319392699748
"Gene680",0.110504324058077,0.795132000464946
"Gene681",-0.92205713782953,0.10461868182756
"Gene682",-0.660413929574764,0.440816205460578
"Gene683",-0.80066242757788,0.507846302352846
"Gene684",0.169959345901951,0.258591734571382
"Gene685",-0.311601410456603,0.696943448856473
"Gene686",2.39376003097629,0.563686807407066
"Gene687",0.0666650872614901,0.232659606961533
"Gene688",1.30916711553087,0.12207876611501
"Gene689",0.687909446323432,0.0483416588976979
"Gene690",0.697016959919577,0.967506476212293
"Gene691",-0.0915235104862785,0.138345323968679
"Gene692",0.0179597106997857,0.265059906756505
"Gene693",0.293215842458766,0.37176583474502
"Gene694",-0.934061872613716,0.241833280073479
"Gene695",-0.713105887658368,0.387148806126788
"Gene696",0.791425877431191,0.372319040354341
"Gene697",-0.77942276555325,0.719287221785635
"Gene698",1.50644256665146,0.023980971891433
"Gene699",1.02350208441051,0.878561334684491
"Gene700",-1.00579262970076,0.021156026981771
"Gene701",-0.974331396468687,0.162257618503645
"Gene702",0.911575035288025,0.0606560972519219
"Gene703",0.207711547602666,0.35375944385305
"Gene704",-0.864384838937628,0.717070466140285
"Gene705",-0.0932155277340243,0.793963077478111
"Gene706",-0.21820465633725,0.453230866463855
"Gene707",-0.105339422994195,0.0275495320092887
"Gene708",0.0883923959815958,0.448442278895527
"Gene709",-1.61663538707566,0.553460089256987
"Gene710",-0.254222002128464,0.854918271070346
"Gene711",-0.51782002191152,0.230853097978979
"Gene712",0.381491336765089,0.991686244728044
"Gene713",-1.51570293270562,0.615390761988238
"Gene714",-0.187339469716548,0.173231330234557
"Gene715",0.784730166251805,0.996845060028136
"Gene716",-0.333905804193704,0.0118247014470398
"Gene717",-0.0923826475518392,0.94386905268766
"Gene718",0.365076047238152,0.586025878088549
"Gene719",0.672970749683617,0.815323708346114
"Gene720",-2.40071267455541,0.561917409067973
"Gene721",1.41421827665947,0.0194143566768616
"Gene722",2.49287702717898,0.390960192773491
"Gene723",-0.369455217209037,0.651978282257915
"Gene724",-1.42866580406422,0.0457643531262875
"Gene725",1.75826876171406,0.097999511519447
"Gene726",0.329118494488448,0.634092399850488
"Gene727",-0.878568338422711,0.889444584492594
"Gene728",1.77748781480097,0.650500620016828
"Gene729",0.0728663268289296,0.705980397528037
"Gene730",-1.35887855231908,0.629412466892973
"Gene731",-1.23172500607673,0.949517583241686
"Gene732",-1.4936468460639,0.723430186742917
"Gene733",-2.70457290275954,0.647543897852302
"Gene734",-0.289403945803218,0.059111220529303
"Gene735",-0.553015920433053,0.239873553160578
"Gene736",2.20533382575233,0.841050060931593
"Gene737",-0.925568117377331,0.401230809278786
"Gene738",0.407252324905394,0.821159822400659
"Gene739",-1.64771983146857,0.266642984934151
"Gene740",-2.06568613025734,0.506976651959121
"Gene741",-0.226378111810344,0.314685730496421
"Gene742",-0.310334711168364,0.985994949238375
"Gene743",0.314179123538101,0.526923364726827
"Gene744",2.67556932815494,0.306705616880208
"Gene745",-0.226789722116794,0.565433562500402
"Gene746",-0.410138205833361,0.973333780886605
"Gene747",-2.07882508097568,0.00936778075993061
"Gene748",0.943333708763119,0.686702276114374
"Gene749",-0.815323498984719,0.064432589802891
"Gene750",0.204488751427419,0.574446810409427
"Gene751",-1.74590222999054,0.372995758196339
"Gene752",0.340674349233453,0.752915472956374
"Gene753",-0.858941192817813,0.197162841446698
"Gene754",-0.361433686113629,0.108029187656939
"Gene755",0.72139379437835,0.144679253222421
"Gene756",0.490360139535985,0.428146238671616
"Gene757",1.09432195094055,0.597767371917143
"Gene758",-0.22743375581834,0.308123668422922
"Gene759",0.674327178862,0.304519708734006
"Gene760",-0.842732455281098,0.0291292497422546
"Gene761",0.423014473797058,0.664840718265623
"Gene762",2.32660263497382,0.350458968430758
"Gene763",0.235131750151301,0.748438901966438
"Gene764",0.439821285409913,0.17869116156362
"Gene765",1.06450582387908,0.693221362074837
"Gene766",0.526001690724778,0.885843125171959
"Gene767",-0.0143410930182457,0.7249152995646
"Gene768",0.680040297956111,0.697914683260024
"Gene769",-1.09683913231431,0.412056326633319
"Gene770",2.1246325441955,0.598263244144619
"Gene771",-2.54362362902611,0.392530022421852
"Gene772",2.12121785223463,0.785268837818876
"Gene773",-0.0565145567953711,0.555094066075981
"Gene774",-0.376982471035798,0.97585978009738
"Gene775",-0.74463920936186,0.836063437862322
"Gene776",0.829656784085113,0.333308110479265
"Gene777",-0.00728102599470829,0.603384457761422
"Gene778",0.438096985362522,0.395676835905761
"Gene779",1.02280109560642,0.315206461818889
"Gene780",1.41292443150858,0.678434769390151
"Gene781",0.840534093740695,0.485899874940515
"Gene782",-1.20359443665193,0.0434421054087579
"Gene783",0.468310874383914,0.865078735165298
"Gene784",0.391275188322018,0.166656944202259
"Gene785",1.46357780221747,0.807642753701657
"Gene786",1.26212002900756,0.121916269883513
"Gene787",-0.566774572800364,0.0791559705976397
"Gene788",-0.617751879682091,0.160140647320077
"Gene789",0.264097027591041,0.161490397062153
"Gene790",-0.268827049181263,0.971383590484038
"Gene791",0.999206907466593,0.491938984487206
"Gene792",-1.63684801762751,0.817308611236513
"Gene793",-0.667206547085086,0.114924616646022
"Gene794",0.478206464910051,0.138650566106662
"Gene795",-1.28217904447506,0.885825272416696
"Gene796",-0.368563697746571,0.226056650746614
"Gene797",1.3466138984127,0.730778590776026
"Gene798",-0.112974331786224,0.374369219643995
"Gene799",2.64899893687107,0.629483604570851
"Gene800",-0.965323340492356,0.691707610152662
"Gene801",1.49266149743765,0.453666330315173
"Gene802",-0.551174015832602,0.782818139530718
"Gene803",-1.74104910746143,0.675035340245813
"Gene804",-1.09938655028312,0.188790473388508
"Gene805",-2.83917480893433,0.559281366411597
"Gene806",0.260956880790135,0.155173824168742
"Gene807",-2.30001739645377,0.991039335960522
"Gene808",-0.551367329774997,0.849161525722593
"Gene809",1.47177999493759,0.308352800086141
"Gene810",1.91794638392098,0.156324998475611
"Gene811",-2.73992533958517,0.719366427976638
"Gene812",-0.538415281057935,0.646517656277865
"Gene813",-0.12532431578207,0.440991619834676
"Gene814",0.172281580011331,0.898524538846686
"Gene815",0.673551546923546,0.743558042682707
"Gene816",0.196254191934737,0.946201363345608
"Gene817",0.225701085566096,0.876318623078987
"Gene818",1.15686932124412,0.928481201408431
"Gene819",-1.11811924698625,0.803634165786207
"Gene820",0.0374242592227806,0.585773464525118
"Gene821",-1.66081821306025,0.165079512400553
"Gene822",0.877177216103688,0.661145552294329
"Gene823",-0.730609940777979,0.188511787448078
"Gene824",-0.141189045073845,0.0864101494662464
"Gene825",1.09065995615652,0.553327259607613
"Gene826",-0.713585003822665,0.623345819301903
"Gene827",0.729266797058499,0.735509106190875
"Gene828",-0.918698524405908,0.631440664641559
"Gene829",1.40088142055669,0.912369734374806
"Gene830",-0.186976330855448,0.252000528853387
"Gene831",0.632527550598378,0.146535652456805
"Gene832",2.78338967915624,0.781088614137843
"Gene833",-0.116286812861178,0.0131029305048287
"Gene834",0.254130374885743,0.519637676887214
"Gene835",2.97847136924975,0.756070808507502
"Gene836",0.757960627625789,0.617906362749636
"Gene837",0.821156746093539,0.187947280704975
"Gene838",0.342606131175646,0.0720196855254471
"Gene839",-0.104589642608226,0.396019136998802
"Gene840",-0.0939718304658535,0.0807903539389372
"Gene841",0.198611067963458,0.0171605343930423
"Gene842",1.68850143112352,0.608182024210691
"Gene843",2.52622656174935,0.441384610254318
"Gene844",0.490581689082701,0.61192760290578
"Gene845",2.50599492349196,0.616126080742106
"Gene846",1.24878166421522,0.844064506469294
"Gene847",-1.31619322709514,0.757519292412326
"Gene848",-0.0443630073710404,0.563872730126604
"Gene849",-1.50995617341806,0.864531039027497
"Gene850",0.63943153297155,0.659043049206957
"Gene851",-0.670025388315251,0.783529130741954
"Gene852",0.0761583840464008,0.662705928320065
"Gene853",-0.676614437789631,0.51334001054056
"Gene854",-0.0101203149340241,0.471155529841781
"Gene855",0.169009187652359,0.616763214347884
"Gene856",1.39290657459211,0.773846583208069
"Gene857",-1.33922324511717,0.901192154502496
"Gene858",-0.776154375506628,0.342482827138156
"Gene859",1.30919980885699,0.91985674854368
"Gene860",0.406209066371983,0.0912724332883954
"Gene861",-0.36841987855126,0.968814459862188
"Gene862",2.46731640677899,0.278308882610872
"Gene863",-0.80317852963936,0.901398343965411
"Gene864",-1.32449465181503,0.0238465454895049
"Gene865",0.985782458051577,0.183483473956585
"Gene866",1.51426555306656,0.214534728322178
"Gene867",-0.624752567907877,0.820442693773657
"Gene868",-1.52977029586793,0.185159643413499
"Gene869",-2.8724547943566,0.253567752661183
"Gene870",0.278006090392935,0.906369318021461
"Gene871",-0.767389752063601,0.702932262560353
"Gene872",-0.10855494294654,0.600690399529412
"Gene873",-0.70375117420788,0.938079450745136
"Gene874",0.779432336799161,0.0492380294017494
"Gene875",0.184467007727279,0.18272063229233
"Gene876",-0.644592240452723,0.925727779977024
"Gene877",0.422193806118108,0.346425728639588
"Gene878",-2.3528897871729,0.552840298041701
"Gene879",-0.363132491056564,0.842212712857872
"Gene880",0.223674087173864,0.380654628621414
"Gene881",-0.401367996059186,0.236111280275509
"Gene882",-0.420624213824305,0.68567928345874
"Gene883",0.711485782915762,0.52994964341633
"Gene884",1.13756448664762,0.120289634913206
"Gene885",0.528393043580401,0.150503061013296
"Gene886",-1.14813398956531,0.836497861193493
"Gene887",2.07588084042072,0.394505718024448
"Gene888",1.40844186613017,0.0288228818681091
"Gene889",0.597643116621525,0.441677138675004
"Gene890",-0.985396051589484,0.281531898770481
"Gene891",-0.323873709501623,0.497304540593177
"Gene892",-0.820255838425492,0.658182111568749
"Gene893",1.58449937530775,0.859448020579293
"Gene894",-0.00116089078912078,0.248286162735894
"Gene895",-0.974575313858253,0.537083704257384
"Gene896",1.64506792150846,0.481705397134647
"Gene897",-2.43495425069705,0.983220799127594
"Gene898",0.876813317759665,0.0749901842791587
"Gene899",0.636243447569287,0.75324986432679
"Gene900",-1.47314621524513,0.884789626812562
"Gene901",-1.31372246131257,0.00173841416835785
"Gene902",0.267065592658241,0.143321698531508
"Gene903",-2.59683242999017,0.524830909678712
"Gene904",0.784830772088975,0.0143043515272439
"Gene905",2.65142581169493,0.377578099956736
"Gene906",-0.572677838845878,0.476892370032147
"Gene907",-0.287484869698969,0.960782861802727
"Gene908",0.501193051497886,0.451645615976304
"Gene909",0.926988284101583,0.944723225897178
"Gene910",-0.875618499396291,0.168758864980191
"Gene911",-0.780850718104822,0.77390760788694
"Gene912",0.460975197231241,0.559618007624522
"Gene913",0.702266272622578,0.806821382604539
"Gene914",0.797320446031469,0.693240751046687
"Gene915",-0.328480370776693,0.213063232367858
"Gene916",0.468865240686128,0.800720504950732
"Gene917",2.3884545965255,0.104178039822727
"Gene918",0.187259598522433,0.606551988050342
"Gene919",-0.89459067868989,0.268020234070718
"Gene920",2.04645898593129,0.64567873836495
"Gene921",0.63764997179767,0.120133995544165
"Gene922",0.545282598160721,0.792480265023187
"Gene923",0.615097541933635,0.328510821331292
"Gene924",1.54950178746976,0.312609557295218
"Gene925",-0.348429965482981,0.765108427032828
"Gene926",-0.51378264288341,0.942346660420299
"Gene927",-2.38821388385259,0.183543892577291
"Gene928",-0.559490718800429,0.169877762906253
"Gene929",-0.403725292993896,0.910606359364465
"Gene930",0.870636582051819,0.392310173483565
"Gene931",3.59857131196571,0.523786997655407
"Gene932",-1.26434455200738,0.838565977290273
"Gene933",0.133137473900412,0.576109991641715
"Gene934",-0.00904396433921949,0.741205064347014
"Gene935",-1.03709462656612,0.695181456394494
"Gene936",1.74622196365187,0.836423225933686
"Gene937",1.09356559685073,0.823145863367245
"Gene938",0.0235753197649294,0.156653218204156
"Gene939",0.270953563233846,0.88293653796427
"Gene940",-2.99302210030146,0.829558231169358
"Gene941",-0.050689591789314,0.126596810296178
"Gene942",-0.0239220887653055,0.0837366315536201
"Gene943",0.0290969740217832,0.36544296820648
"Gene944",0.64142117744045,0.794387523783371
"Gene945",0.989670380201917,0.700704311719164
"Gene946",1.15176506513005,0.949964450206608
"Gene947",0.163684996218749,0.201141280820593
"Gene948",1.26975059198046,0.805692875059322
"Gene949",-0.585311944151275,0.231234542559832
"Gene950",-0.247243238791034,0.172391128726304
"Gene951",0.322975020664523,0.229585528140888
"Gene952",1.05051168658025,0.11385707417503
"Gene953",0.716524936305534,0.728608523029834
"Gene954",1.44148398623934,0.759113054489717
"Gene955",0.849498133499795,0.608978580217808
"Gene956",-2.67314597778022,0.267566548893228
"Gene957",1.50464667922563,0.793438424123451
"Gene958",-0.603040827063323,0.236435914412141
"Gene959",-0.306787884664157,0.578981580445543
"Gene960",-1.75132262637551,0.109567700885236
"Gene961",0.738710321516668,0.461338252294809
"Gene962",-0.214013036665274,0.0151309610810131
"Gene963",-0.0251260905724781,0.489051269832999
"Gene964",-0.235137513486282,0.695611604256555
"Gene965",-0.491989850545318,0.575674993684515
"Gene966",-1.25582855475611,0.328124249121174
"Gene967",-0.0896037728683144,0.724049261771142
"Gene968",2.75503160431981,0.903647975530475
"Gene969",-0.6654934621031,0.480916235828772
"Gene970",1.50918031910437,0.787508199224249
"Gene971",1.5116461158786,0.710725835291669
"Gene972",1.25494854108071,0.39259720989503
"Gene973",-0.763610505522505,0.223608546424657
"Gene974",0.556435753186666,0.417510299012065
"Gene975",1.01566759344569,0.630453489022329
"Gene976",0.661919787196138,0.277527580270544
"Gene977",-1.11766535987139,0.483896913472563
"Gene978",0.527816740482874,0.844916955800727
"Gene979",2.74761691805907,0.0833493534009904
"Gene980",-0.517140622168693,0.984830379486084
"Gene981",-0.435083440225125,0.598871354945004
"Gene982",-1.1397920456037,0.712112446315587
"Gene983",-0.165474922378405,0.104655229253694
"Gene984",-1.06626765664448,0.866091350559145
"Gene985",0.730506999933436,0.163034866796806
"Gene986",-0.242813254927632,0.125382306054235
"Gene987",-0.156251483432104,0.109120093751699
"Gene988",1.13584364639155,0.973796896403655
"Gene989",-1.19230986032553,0.640497763408348
"Gene990",-1.77569898723411,0.571333266561851
"Gene991",0.188761866035604,0.0545569008681923
"Gene992",0.359498226691617,0.0140034509822726
"Gene993",-0.425361123676903,0.462692311732098
"Gene994",0.694060454436243,0.686297353589907
"Gene995",2.03247871587413,0.849216444883496
"Gene996",-0.097235506967236,0.0338695256505162
"Gene997",1.35734250141137,0.530436818255112
"Gene998",-0.897206003919396,0.220686461543664
"Gene999",0.212705849141652,0.432640616083518
"Gene1000",0.39448109007638,0.85456636431627
